Workbook

Sheet DataBase.
B1: NVD | C1: TSFA | D1: 3V64 | E1: FOO | F1: AMZ | G1: 0V6 | H1: MSF | I1: PRG | J1: MHL | K1: YDX | L1: 1YD | M1: XFRA:CMC | N1: XMIL:AMP | O1: XETR:639 | V1: DailyReturns. | AH1: VUSA | AI1: USA | AJ1: IWDA | AK1: World | AL1: EXW1 | AM1: EU
A2: {=_xlfn.STOCKHISTORY(B$1, DATE(2025,1,1), TODAY(),0,1,,0,1 )} -> Date | B2: Close | C2: {=_xlfn.STOCKHISTORY(C$1, DATE(2025,1,1), TODAY(),0,1,1 )} -> Close | D2: {=_xlfn.STOCKHISTORY(D$1, DATE(2025,1,1), TODAY(),0,1,1 )} -> Close | E2: {=_xlfn.STOCKHISTORY(E$1, DATE(2025,1,1), TODAY(),0,1,1 )} -> Close | F2: {=_xlfn.STOCKHISTORY(F$1, DATE(2025,1,1), TODAY(),0,1,1 )} -> Close | G2: {=_xlfn.STOCKHISTORY(G$1, DATE(2025,1,1), TODAY(),0,1,1 )} -> Close | H2: {=_xlfn.STOCKHISTORY(H$1, DATE(2025,1,1), TODAY(),0,1,1 )} -> Close | I2: {=_xlfn.STOCKHISTORY(I$1, DATE(2025,1,1), TODAY(),0,1,1 )} -> Close | J2: {=_xlfn.STOCKHISTORY(J$1, DATE(2025,1,1), TODAY(),0,1,1 )} -> Close | ... O2: {=_xlfn.STOCKHISTORY(O$1, DATE(2025,1,1), TODAY(),0,1,1 )} -> Close | Q2: AMP | R2: FOO | S2: 0V6 | T2: PRG | U2: MHL | V2: NVD | W2: AMZ | X2: CMC | Y2: 3V64 | Z2: 1YD | AA2: MSF | AB2: 639 | AC2: TSFA | AE2: MyP. | AG2: {=_xlfn.STOCKHISTORY(AH$1, DATE(2025,1,1), TODAY(),0,1,,0,1 )} -> Date | AH2: Close | AJ2: {=_xlfn.STOCKHISTORY(AJ$1,DATE(2025,1,1),TODAY(),0,1,1)} -> Close | AL2: {=_xlfn.STOCKHISTORY(AL$1, DATE(2025,1,1), TODAY(),0,1,1 )} -> Close | AO2: MyP. | AP2: VUSA | AQ2: IWDA | AR2: EXW1 | AT2: Peak. | AU2: DailyDrawdown. | AV2: MaxDrawdown.
A3: 45659 | B3: 135 | C3: 194.6 | D3: 306.45 | E3: 320.9 | F3: 214.55 | G3: 144.6 | H3: 407.6 | I3: 161.92 | J3: 486.85 | K3: #N/A | L3: 230.05 | M3: 235.25 | N3: 24.93 | O3: 446.9 | Q3: =N4/N3-1 -> -0.022864019 | R3: =E4/E3-1 -> 0.0062324712 | S3: =G4/G3-1 -> 0.086445367 | T3: =I4/I3-1 -> -0.01062253 | U3: =J4/J3-1 -> -0.0066755674 | V3: =B4/B3-1 -> 0.03762963 | W3: =F4/F3-1 -> 0.010953158 | X3: =M4/M3-1 -> -0.0021253985 | Y3: =D4/D3-1 -> -0.001957905 | Z3: =L4/L3-1 -> -0.015431428 | AA3: =H4/H3-1 -> 0.0047841021 | AB3: =O4/O3-1 -> 0.014768405 | AC3: =C4/C3-1 -> 0.038026721 | AE3: {=SUMPRODUCT(Q3:AB3,TRANSPOSE(Insights.!$H$4:$H$15))} -> 0.0060698178 | AG3: 45659 | AH3: 107.84 | AI3: =AH4/AH3-1 -> 0.013724036 | AJ3: 105.3 | AK3: =AJ4/AJ3-1 -> -0.001994302 | AL3: 49.045 | AM3: =AL4/AL3-1 -> -0.00020389438 | AO3: 100 | AP3: 100 | AQ3: 100 | AR3: 100 | AT3: =MAX($AO$3:AO4) -> 100.60698 | AU3: =AO3/AT3-1 -> -0.0060331974 | AV3: =MIN(AU3:AU268) -> -0.24912655
A4: 45660 | B4: 140.08 | C4: 202 | D4: 305.85 | E4: 322.9 | F4: 216.9 | G4: 157.1 | H4: 409.55 | I4: 160.2 | J4: 483.6 | K4: #N/A | L4: 226.5 | M4: 234.75 | N4: 24.36 | O4: 453.5 | Q4: =N5/N4-1 -> 0.055418719 | R4: =E5/E4-1 -> -0.024465779 | S4: =G5/G4-1 -> -0.0019096117 | T4: =I5/I4-1 -> -0.034456929 | U4: =J5/J4-1 -> 0.0070306038 | V4: =B5/B4-1 -> 0.024557396 | W4: =F5/F4-1 -> 0.0089903181 | X4: =M5/M4-1 -> -0.0068157614 | Y4: =D5/D4-1 -> -0.017982671 | Z4: =L5/L4-1 -> 0.0011037528 | AA4: =H5/H4-1 -> 0.0050054938 | AB4: =O5/O4-1 -> -0.0091510474 | AC4: =C5/C4-1 -> 0.047029703 | AE4: {=SUMPRODUCT(Q4:AB4,TRANSPOSE(Insights.!$H$4:$H$15))} -> -0.00061084125 | AG4: 45660 | AH4: 109.32 | AI4: =AH5/AH4-1 -> -0.0026070252 | AJ4: 105.09 | AK4: =AJ5/AJ4-1 -> 0.0065182225 | AL4: 49.035 | AM4: =AL5/AL4-1 -> 0.020087692 | AO4: =AO3*(1+AE3) -> 100.60698 | AP4: =AP3*(1+AI3) -> 101.3724 | AQ4: =AQ3*(1+AK3) -> 99.80057 | AR4: =AR3*(1+AM3) -> 99.979611 | AT4: =MAX($AO$3:AO5) -> 100.60698 | AU4: =AO4/AT4-1 -> 0
A5: 45663 | B5: 143.52 | C5: 211.5 | D5: 300.35 | E5: 315 | F5: 218.85 | G5: 156.8 | H5: 411.6 | I5: 154.68 | J5: 487 | K5: #N/A | L5: 226.75 | M5: 233.15 | N5: 25.71 | O5: 449.35 | Q5: =N6/N5-1 -> 0.014391287 | R5: =E6/E5-1 -> -0.0036507937 | S5: =G6/G5-1 -> 0.017538265 | T5: =I6/I5-1 -> 0.0076286527 | U5: =J6/J5-1 -> -0.01889117 | V5: =B6/B5-1 -> -0.053929766 | W5: =F6/F5-1 -> -0.020105095 | X5: =M6/M5-1 -> 0.012652799 | Y5: =D6/D5-1 -> 0.0074912602 | Z5: =L6/L5-1 -> -0.012127894 | AA5: =H6/H5-1 -> -0.0060738581 | AB5: =O6/O5-1 -> -0.011015912 | AC5: =C6/C5-1 -> -0.033096927 | AE5: {=SUMPRODUCT(Q5:AB5,TRANSPOSE(Insights.!$H$4:$H$15))} -> -0.0039797379 | AG5: 45663 | AH5: 109.035 | AI5: =AH6/AH5-1 -> -0.0070160957 | AJ5: 105.775 | AK5: =AJ6/AJ5-1 -> -0.0068541716 | AL5: 50.02 | AM5: =AL6/AL5-1 -> 0.0041983207 | AO5: =AO4*(1+AE4) -> 100.54553 | AP5: =AP4*(1+AI4) -> 101.10812 | AQ5: =AQ4*(1+AK4) -> 100.45109 | AR5: =AR4*(1+AM4) -> 101.98797 | AT5: =MAX($AO$3:AO6) -> 100.60698 | AU5: =AO5/AT5-1 -> -0.00061084125
A6: 45664 | B6: 135.78 | C6: 204.5 | D6: 302.6 | E6: 313.85 | F6: 214.45 | G6: 159.55 | H6: 409.1 | I6: 155.86 | J6: 477.8 | K6: #N/A | L6: 224 | M6: 236.1 | N6: 26.08 | O6: 444.4 | Q6: =N7/N6-1 -> -0.01648773 | R6: =E7/E6-1 -> 0.007009718 | S6: =G7/G6-1 -> -0.041993106 | T6: =I7/I6-1 -> 0.0059027332 | U6: =J7/J6-1 -> -0.0025115111 | V6: =B7/B6-1 -> -0.0001472971 | W6: =F7/F6-1 -> 0.0065283283 | X6: =M7/M6-1 -> -0.0044472681 | Y6: =D7/D6-1 -> 0.0046265697 | Z6: =L7/L6-1 -> -0.0024553571 | AA6: =H7/H6-1 -> 0.0046443412 | AB6: =O7/O6-1 -> 0.033078308 | AC6: =C7/C6-1 -> -0.012224939 | AE6: {=SUMPRODUCT(Q6:AB6,TRANSPOSE(Insights.!$H$4:$H$15))} -> -0.00022162335 | AG6: 45664 | AH6: 108.27 | AI6: =AH7/AH6-1 -> 0.0034173825 | AJ6: 105.05 | AK6: =AJ7/AJ6-1 -> 0.0002855783 | AL6: 50.23 | AM6: =AL7/AL6-1 -> -0.0011945053 | AO6: =AO5*(1+AE5) -> 100.14538 | AP6: =AP5*(1+AI5) -> 100.39874 | AQ6: =AQ5*(1+AK5) -> 99.762583 | AR6: =AR5*(1+AM5) -> 102.41615 | AT6: =MAX($AO$3:AO7) -> 100.60698 | AU6: =AO6/AT6-1 -> -0.0045881481
A7: 45665 | B7: 135.76 | C7: 202 | D7: 304 | E7: 316.05 | F7: 215.85 | G7: 152.85 | H7: 411 | I7: 156.78 | J7: 476.6 | K7: #N/A | L7: 223.45 | M7: 235.05 | N7: 25.65 | O7: 459.1 | Q7: =N8/N7-1 -> 0.0011695906 | R7: =E8/E7-1 -> 0.0041132732 | S7: =G8/G7-1 -> 0.041543997 | T7: =I8/I7-1 -> 0.0077816048 | U7: =J8/J7-1 -> 0.0035669324 | V7: =B8/B7-1 -> -0.0045668827 | W7: =F8/F7-1 -> -0.00023164234 | X7: =M8/M7-1 -> 0.015528611 | Y7: =D8/D7-1 -> 0.00016447368 | Z7: =L8/L7-1 -> -0.0096218393 | AA7: =H8/H7-1 -> 0.0030413625 | AB7: =O8/O7-1 -> 0.010564147 | AC7: =C8/C7-1 -> 0.012376238 | AE7: {=SUMPRODUCT(Q7:AB7,TRANSPOSE(Insights.!$H$4:$H$15))} -> 0.0056530904 | AG7: 45665 | AH7: 108.64 | AI7: =AH8/AH7-1 -> 0.00046023564 | AJ7: 105.08 | AK7: =AJ8/AJ7-1 -> 0.00066615912 | AL7: 50.17 | AM7: =AL8/AL7-1 -> 0.0053817022 | AO7: =AO6*(1+AE6) -> 100.12319 | AP7: =AP6*(1+AI6) -> 100.74184 | AQ7: =AQ6*(1+AK6) -> 99.791073 | AR7: =AR6*(1+AM6) -> 102.29381 | AT7: =MAX($AO$3:AO8) -> 100.68919 | AU7: =AO7/AT7-1 -> -0.0056213126
A8: 45666 | B8: 135.14 | C8: 204.5 | D8: 304.05 | E8: 317.35 | F8: 215.8 | G8: 159.2 | H8: 412.25 | I8: 158 | J8: 478.3 | K8: #N/A | L8: 221.3 | M8: 238.7 | N8: 25.68 | O8: 463.95 | Q8: =N9/N8-1 -> -0.018691589 | R8: =E9/E8-1 -> -0.024736096 | S8: =G9/G8-1 -> 0.01758794 | T8: =I9/I8-1 -> -0.025316456 | U8: =J9/J8-1 -> -0.009512858 | V8: =B9/B8-1 -> -0.019535297 | W8: =F9/F8-1 -> -0.0083410565 | X8: =M9/M8-1 -> -0.017176372 | Y8: =D9/D8-1 -> -0.015293537 | Z8: =L9/L8-1 -> -0.014685947 | AA8: =H9/H8-1 -> -0.0049727107 | AB8: =O9/O8-1 -> -0.029313504 | AC8: =C9/C8-1 -> -0.0097799511 | AE8: {=SUMPRODUCT(Q8:AB8,TRANSPOSE(Insights.!$H$4:$H$15))} -> -0.013225095 | AG8: 45666 | AH8: 108.69 | AI8: =AH9/AH8-1 -> -0.0015640813 | AJ8: 105.15 | AK8: =AJ9/AJ8-1 -> -0.0096053257 | AL8: 50.44 | AM8: =AL9/AL8-1 -> -0.0027755749 | AO8: =AO7*(1+AE7) -> 100.68919 | AP8: =AP7*(1+AI7) -> 100.7882 | AQ8: =AQ7*(1+AK7) -> 99.85755 | AR8: =AR7*(1+AM7) -> 102.84433 | AT8: =MAX($AO$3:AO9) -> 100.68919 | AU8: =AO8/AT8-1 -> 0
A9: 45667 | B9: 132.5 | C9: 202.5 | D9: 299.4 | E9: 309.5 | F9: 214 | G9: 162 | H9: 410.2 | I9: 154 | J9: 473.75 | K9: #N/A | L9: 218.05 | M9: 234.6 | N9: 25.2 | O9: 450.35 | Q9: =N10/N9-1 -> 0.025 | R9: =E10/E9-1 -> 0.0056542811 | S9: =G10/G9-1 -> -0.033024691 | T9: =I10/I9-1 -> 0.011168831 | U9: =J10/J9-1 -> -0.007176781 | V9: =B10/B9-1 -> -0.016301887 | W9: =F10/F9-1 -> -0.00093457944 | X9: =M10/M9-1 -> 0.0098039216 | Y9: =D10/D9-1 -> 0.00066800267 | Z9: =L10/L9-1 -> 0.012153176 | AA9: =H10/H9-1 -> -0.0052413457 | AB9: =O10/O9-1 -> 0.0015543466 | AC9: =C10/C9-1 -> -0.02617284 | AE9: {=SUMPRODUCT(Q9:AB9,TRANSPOSE(Insights.!$H$4:$H$15))} -> 0.00096623359 | AG9: 45667 | AH9: 108.52 | AI9: =AH10/AH9-1 -> -0.0056210837 | AJ9: 104.14 | AK9: =AJ10/AJ9-1 -> -0.0016324179 | AL9: 50.3 | AM9: =AL10/AL9-1 -> -0.006361829 | AO9: =AO8*(1+AE8) -> 99.357569 | AP9: =AP8*(1+AI8) -> 100.63056 | AQ9: =AQ8*(1+AK8) -> 98.898386 | AR9: =AR8*(1+AM8) -> 102.55887 | AT9: =MAX($AO$3:AO10) -> 100.68919 | AU9: =AO9/AT9-1 -> -0.013225095
A10: 45670 | B10: 130.34 | C10: 197.2 | D10: 299.6 | E10: 311.25 | F10: 213.8 | G10: 156.65 | H10: 408.05 | I10: 155.72 | J10: 470.35 | K10: #N/A | L10: 220.7 | M10: 236.9 | N10: 25.83 | O10: 451.05 | Q10: =N11/N10-1 -> 0.0073557878 | R10: =E11/E10-1 -> 0.0070682731 | S10: =G11/G10-1 -> 0.056495372 | T10: =I11/I10-1 -> -0.0030824557 | U10: =J11/J10-1 -> -0.0019134687 | V10: =B11/B10-1 -> -0.023937395 | W10: =F11/F10-1 -> -0.013797942 | X10: =M11/M10-1 -> 0.01308569 | Y10: =D11/D10-1 -> 0.0050066756 | Z10: =L11/L10-1 -> -0.003851382 | AA10: =H11/H10-1 -> -0.017889964 | AB10: =O11/O10-1 -> 0.0058751801 | AC10: =C11/C10-1 -> -0.018255578 | AE10: {=SUMPRODUCT(Q10:AB10,TRANSPOSE(Insights.!$H$4:$H$15))} -> 0.0033228567 | AG10: 45670 | AH10: 107.91 | AI10: =AH11/AH10-1 -> -0.0038457974 | AJ10: 103.97 | AK10: =AJ11/AJ10-1 -> -0.0013465423 | AL10: 49.98 | AM10: =AL11/AL10-1 -> 0.0020008003 | AO10: =AO9*(1+AE9) -> 99.453571 | AP10: =AP9*(1+AI9) -> 100.06491 | AQ10: =AQ9*(1+AK9) -> 98.736942 | AR10: =AR9*(1+AM9) -> 101.90641 | AT10: =MAX($AO$3:AO11) -> 100.68919 | AU10: =AO10/AT10-1 -> -0.01227164
A11: 45671 | B11: 127.22 | C11: 193.6 | D11: 301.1 | E11: 313.45 | F11: 210.85 | G11: 165.5 | H11: 400.75 | I11: 155.24 | J11: 469.45 | K11: #N/A | L11: 219.85 | M11: 240 | N11: 26.02 | O11: 453.7 | Q11: =N12/N11-1 -> 0.01498847 | R11: =E12/E11-1 -> 0.0039878769 | S11: =G12/G11-1 -> -0.0012084592 | T11: =I12/I11-1 -> -0.0015459933 | U11: =J12/J11-1 -> 0.0058579188 | V11: =B12/B11-1 -> 0.038201541 | W11: =F12/F11-1 -> 0.027270571 | X11: =M12/M11-1 -> 0.024375 | Y11: =D12/D11-1 -> 0.022583859 | Z11: =L12/L11-1 -> 0.005458267 | AA11: =H12/H11-1 -> 0.037055521 | AB11: =O12/O11-1 -> 0.042649328 | AC11: =C12/C11-1 -> 0.030991736 | AE11: {=SUMPRODUCT(Q11:AB11,TRANSPOSE(Insights.!$H$4:$H$15))} -> 0.016046404 | AG11: 45671 | AH11: 107.495 | AI11: =AH12/AH11-1 -> 0.018791572 | AJ11: 103.83 | AK11: =AJ12/AJ11-1 -> 0.015698738 | AL11: 50.08 | AM11: =AL12/AL11-1 -> 0.011182109 | AO11: =AO10*(1+AE10) -> 99.784041 | AP11: =AP10*(1+AI10) -> 99.680082 | AQ11: =AQ10*(1+AK10) -> 98.603989 | AR11: =AR10*(1+AM10) -> 102.11031 | AT11: =MAX($AO$3:AO12) -> 101.38522 | AU11: =AO11/AT11-1 -> -0.015792983
A12: 45672 | B12: 132.08 | C12: 199.6 | D12: 307.9 | E12: 314.7 | F12: 216.6 | G12: 165.3 | H12: 415.6 | I12: 155 | J12: 472.2 | K12: #N/A | L12: 221.05 | M12: 245.85 | N12: 26.41 | O12: 473.05 | Q12: =N13/N12-1 -> 0.0053010223 | R12: =E13/E12-1 -> -0.0012710518 | S12: =G13/G12-1 -> 0.041742287 | T12: =I13/I12-1 -> 0.0046451613 | U12: =J13/J12-1 -> 0.026577721 | V12: =B13/B12-1 -> -0.015748031 | W12: =F13/F12-1 -> -0.0069252078 | X12: =M13/M12-1 -> -0.0016270083 | Y12: =D13/D12-1 -> 0.002923027 | Z12: =L13/L12-1 -> 0.020583578 | AA12: =H13/H12-1 -> -0.0060153994 | AB12: =O13/O12-1 -> 0.019553958 | AC12: =C13/C12-1 -> 0.057114228 | AE12: {=SUMPRODUCT(Q12:AB12,TRANSPOSE(Insights.!$H$4:$H$15))} -> 0.0073875535 | AG12: 45672 | AH12: 109.515 | AI12: =AH13/AH12-1 -> -0.0015522988 | AJ12: 105.46 | AK12: =AJ13/AJ12-1 -> 0.0029395031 | AL12: 50.64 | AM12: =AL13/AL12-1 -> 0.013823065 | AO12: =AO11*(1+AE11) -> 101.38522 | AP12: =AP11*(1+AI11) -> 101.55323 | AQ12: =AQ11*(1+AK11) -> 100.15195 | AR12: =AR11*(1+AM11) -> 103.25212 | AT12: =MAX($AO$3:AO13) -> 102.13421 | AU12: =AO12/AT12-1 -> -0.0073333778
A13: 45673 | B13: 130 | C13: 211 | D13: 308.8 | E13: 314.3 | F13: 215.1 | G13: 172.2 | H13: 413.1 | I13: 155.72 | J13: 484.75 | K13: #N/A | L13: 225.6 | M13: 245.45 | N13: 26.55 | O13: 482.3 | Q13: =N14/N13-1 -> -0.015442561 | R13: =E14/E13-1 -> 0.018771874 | S13: =G14/G13-1 -> -0.036875726 | T13: =I14/I13-1 -> 0.0069355253 | U13: =J14/J13-1 -> 0.014956163 | V13: =B14/B13-1 -> 0.032 | W13: =F14/F13-1 -> 0.022780102 | X13: =M14/M13-1 -> 0.015685476 | Y13: =D14/D13-1 -> 0.0079339378 | Z13: =L14/L13-1 -> 0.01662234 | AA13: =H14/H13-1 -> 0.013192931 | AB13: =O14/O13-1 -> -0.022807381 | AC13: =C14/C13-1 -> -0.026066351 | AE13: {=SUMPRODUCT(Q13:AB13,TRANSPOSE(Insights.!$H$4:$H$15))} -> 0.0062273876 | AG13: 45673 | AH13: 109.345 | AI13: =AH14/AH13-1 -> 0.012940692 | AJ13: 105.77 | AK13: =AJ14/AJ13-1 -> 0.0089344805 | AL13: 51.34 | AM13: =AL14/AL13-1 -> 0.0068172965 | AO13: =AO12*(1+AE12) -> 102.13421 | AP13: =AP12*(1+AI12) -> 101.39559 | AQ13: =AQ12*(1+AK12) -> 100.44634 | AR13: =AR12*(1+AM12) -> 104.67938 | AT13: =MAX($AO$3:AO14) -> 102.77023 | AU13: =AO13/AT13-1 -> -0.0061888472
A14: 45674 | B14: 134.16 | C14: 205.5 | D14: 311.25 | E14: 320.2 | F14: 220 | G14: 165.85 | H14: 418.55 | I14: 156.8 | J14: 492 | K14: #N/A | L14: 229.35 | M14: 249.3 | N14: 26.14 | O14: 471.3 | Q14: =N15/N14-1 -> -0.0026778883 | R14: =E15/E14-1 -> -0.012492192 | S14: =G15/G14-1 -> 0.024419656 | T14: =I15/I14-1 -> 0.010204082 | U14: =J15/J14-1 -> -0.00071138211 | V14: =B15/B14-1 -> 0 | W14: =F15/F14-1 -> -0.0036363636 | X14: =M15/M14-1 -> 0.01784998 | Y14: =D15/D14-1 -> -0.00064257028 | Z14: =L15/L14-1 -> 0.0058862001 | AA14: =H15/H14-1 -> -0.0041811014 | AB14: =O15/O14-1 -> -0.025567579 | AC14: =C15/C14-1 -> 0.03163017 | AE14: {=SUMPRODUCT(Q14:AB14,TRANSPOSE(Insights.!$H$4:$H$15))} -> 0.00038428433 | AG14: 45674 | AH14: 110.76 | AI14: =AH15/AH14-1 -> -0.0090285302 | AJ14: 106.715 | AK14: =AJ15/AJ14-1 -> -0.0050133533 | AL14: 51.69 | AM14: =AL15/AL14-1 -> 0.0023215322 | AO14: =AO13*(1+AE13) -> 102.77023 | AP14: =AP13*(1+AI13) -> 102.70772 | AQ14: =AQ13*(1+AK13) -> 101.34378 | AR14: =AR13*(1+AM13) -> 105.39301 | AT14: =MAX($AO$3:AO15) -> 102.80973 | AU14: =AO14/AT14-1 -> -0.00038413672
A15: 45677 | B15: 134.16 | C15: 212 | D15: 311.05 | E15: 316.2 | F15: 219.2 | G15: 169.9 | H15: 416.8 | I15: 158.4 | J15: 491.65 | K15: #N/A | L15: 230.7 | M15: 253.75 | N15: 26.07 | O15: 459.25 | Q15: =N16/N15-1 -> -0.003452244 | R15: =E16/E15-1 -> -0.0077482606 | S15: =G16/G15-1 -> 0.057092407 | T15: =I16/I15-1 -> -0.02020202 | U15: =J16/J15-1 -> -0.0090511543 | V15: =B16/B15-1 -> 0.0081991652 | W15: =F16/F15-1 -> 0.010948905 | X15: =M16/M15-1 -> -0.0027586207 | Y15: =D16/D15-1 -> -0.00048223758 | Z15: =L16/L15-1 -> 0.00086692674 | AA15: =H16/H15-1 -> -0.012116123 | AB15: =O16/O15-1 -> 0.008709853 | AC15: =C16/C15-1 -> -0.0047169811 | AE15: {=SUMPRODUCT(Q15:AB15,TRANSPOSE(Insights.!$H$4:$H$15))} -> 0.001459037 | AG15: 45677 | AH15: 109.76 | AI15: =AH16/AH15-1 -> 0.0010021866 | AJ15: 106.18 | AK15: =AJ16/AJ15-1 -> 0.00075343756 | AL15: 51.81 | AM15: =AL16/AL15-1 -> 0.0046323104 | AO15: =AO14*(1+AE14) -> 102.80973 | AP15: =AP14*(1+AI14) -> 101.78042 | AQ15: =AQ14*(1+AK14) -> 100.83571 | AR15: =AR14*(1+AM14) -> 105.63768 | AT15: =MAX($AO$3:AO16) -> 102.95973 | AU15: =AO15/AT15-1 -> -0.0014569113
... A24: 45688 | B24: 115.84 | C24: 202.5 | D24: 330.75 | E24: 329.95 | F24: 228.85 | G24: 162.8 | H24: 401.55 | I24: 160.02 | J24: 511.2 | K24: #N/A | L24: 217.15 | M24: 259.75 | N24: 25.89 | O24: 537.3 | Q24: =N25/N24-1 -> -0.012359985 | R24: =E25/E24-1 -> -0.0018184573 | S24: =G25/G24-1 -> -0.00092137592 | T24: =I25/I24-1 -> 0.021247344 | U24: =J25/J24-1 -> -0.018192488 | V24: =B25/B24-1 -> -0.023135359 | W24: =F25/F24-1 -> 0.0085208652 | X24: =M25/M24-1 -> -0.0032723773 | Y24: =D25/D24-1 -> 0.01723356 | Z24: =L25/L24-1 -> -0.01772968 | AA24: =H25/H24-1 -> -0.00099613996 | AB24: =O25/O24-1 -> -0.003908431 | AC24: =C25/C24-1 -> -0.038024691 | AE24: {=SUMPRODUCT(Q24:AB24,TRANSPOSE(Insights.!$H$4:$H$15))} -> -0.0034764613 | AG24: 45688 | AH24: 111.275 | AI24: =AH25/AH24-1 -> -0.0066052572 | AJ24: 108.18 | AK24: =AJ25/AJ24-1 -> -0.0086430024 | AL24: 53.02 | AM24: =AL25/AL24-1 -> -0.012070917 | AO24: =AO23*(1+AE23) -> 104.75737 | AP24: =AP23*(1+AI23) -> 103.18527 | AQ24: =AQ23*(1+AK23) -> 102.73504 | AR24: =AR23*(1+AM23) -> 108.1048 | AT24: =MAX($AO$3:AO25) -> 104.75737 | AU24: =AO24/AT24-1 -> 0
A25: 45691 | B25: 113.16 | C25: 194.8 | D25: 336.45 | E25: 329.35 | F25: 230.8 | G25: 162.65 | H25: 401.15 | I25: 163.42 | J25: 501.9 | K25: 32.6 | L25: 213.3 | M25: 258.9 | N25: 25.57 | O25: 535.2 | Q25: =N26/N25-1 -> 0.012514666 | R25: =E26/E25-1 -> -0.0048580537 | S25: =G26/G25-1 -> -0.0015370427 | T25: =I26/I25-1 -> -0.010769796 | U25: =J26/J25-1 -> -0.0077704722 | V25: =B26/B25-1 -> 0.0060091905 | W25: =F26/F25-1 -> 0.008882149 | X25: =M26/M25-1 -> -0.0050212437 | Y25: =D26/D25-1 -> -0.013374944 | Z25: =L26/L25-1 -> -0.0035161744 | AA25: =H26/H25-1 -> -0.0095974075 | AB25: =O26/O25-1 -> 0.098654709 | AC25: =C26/C25-1 -> 0.011293634 | AE25: {=SUMPRODUCT(Q25:AB25,TRANSPOSE(Insights.!$H$4:$H$15))} -> 0.0046994787 | AG25: 45691 | AH25: 110.54 | AI25: =AH26/AH25-1 -> -0.0041613895 | AJ25: 107.245 | AK25: =AJ26/AJ25-1 -> -0.00037297776 | AL25: 52.38 | AM25: =AL26/AL25-1 -> 0.010309278 | AO25: =AO24*(1+AE24) -> 104.39318 | AP25: =AP24*(1+AI24) -> 102.50371 | AQ25: =AQ24*(1+AK24) -> 101.8471 | AR25: =AR24*(1+AM24) -> 106.79988 | AT25: =MAX($AO$3:AO26) -> 104.88378 | AU25: =AO25/AT25-1 -> -0.0046774969
A26: 45692 | B26: 113.84 | C26: 197 | D26: 331.95 | E26: 327.75 | F26: 232.85 | G26: 162.4 | H26: 397.3 | I26: 161.66 | J26: 498 | K26: 32.4 | L26: 212.55 | M26: 257.6 | N26: 25.89 | O26: 588 | Q26: =N27/N26-1 -> -0.00038624952 | R26: =E27/E26-1 -> 0.013119756 | S26: =G27/G26-1 -> -0.00030788177 | T26: =I27/I26-1 -> 0.0019794631 | U26: =J27/J26-1 -> -0.016967871 | V26: =B27/B26-1 -> 0.054111033 | W26: =F27/F26-1 -> -0.026626584 | X26: =M27/M26-1 -> 0.0034937888 | Y26: =D27/D26-1 -> 0.0084350053 | Z26: =L27/L26-1 -> 0.058574453 | AA26: =H27/H26-1 -> -0.00062924742 | AB26: =O27/O26-1 -> 0.020408163 | AC26: =C27/C26-1 -> 0.015228426 | AE26: {=SUMPRODUCT(Q26:AB26,TRANSPOSE(Insights.!$H$4:$H$15))} -> 0.0085419493 | AG26: 45692 | AH26: 110.08 | AI26: =AH27/AH26-1 -> -0.00063590116 | AJ26: 107.205 | AK26: =AJ27/AJ26-1 -> -0.0027050977 | AL26: 52.92 | AM26: =AL27/AL26-1 -> 0.0037792895 | AO26: =AO25*(1+AE25) -> 104.88378 | AP26: =AP25*(1+AI25) -> 102.07715 | AQ26: =AQ25*(1+AK25) -> 101.80912 | AR26: =AR25*(1+AM25) -> 107.90091 | AT26: =MAX($AO$3:AO27) -> 105.77969 | AU26: =AO26/AT26-1 -> -0.0084696024
A27: 45693 | B27: 120 | C27: 200 | D27: 334.75 | E27: 332.05 | F27: 226.65 | G27: 162.35 | H27: 397.05 | I27: 161.98 | J27: 489.55 | K27: 33.8 | L27: 225 | M27: 258.5 | N27: 25.88 | O27: 600 | Q27: =N28/N27-1 -> 0.011978362 | R27: =E28/E27-1 -> -0.042915224 | S27: =G28/G27-1 -> 0.00092392978 | T27: =I28/I27-1 -> 0.0022224966 | U27: =J28/J27-1 -> 0.021244 | V27: =B28/B27-1 -> 0.032333333 | W27: =F28/F27-1 -> 0.011471432 | X27: =M28/M27-1 -> 0.020696325 | Y27: =D28/D27-1 -> -0.001493652 | Z27: =L28/L27-1 -> -0.012666667 | AA27: =H28/H27-1 -> 0.0074297947 | AB27: =O28/O27-1 -> 0.00083333333 | AC27: =C28/C27-1 -> 0.0075 | AE27: {=SUMPRODUCT(Q27:AB27,TRANSPOSE(Insights.!$H$4:$H$15))} -> 0.0021253673 | AG27: 45693 | AH27: 110.01 | AI27: =AH28/AH27-1 -> 0.0081810744 | AJ27: 106.915 | AK27: =AJ28/AJ27-1 -> 0.011317402 | AL27: 53.12 | AM27: =AL28/AL27-1 -> 0.013177711 | AO27: =AO26*(1+AE26) -> 105.77969 | AP27: =AP26*(1+AI26) -> 102.01224 | AQ27: =AQ26*(1+AK26) -> 101.53371 | AR27: =AR26*(1+AM26) -> 108.3087 | AT27: =MAX($AO$3:AO28) -> 106.00451 | AU27: =AO27/AT27-1 -> -0.0021208597
A28: 45694 | B28: 123.88 | C28: 201.5 | D28: 334.25 | E28: 317.8 | F28: 229.25 | G28: 162.5 | H28: 400 | I28: 162.34 | J28: 499.95 | K28: 31.8 | L28: 222.15 | M28: 263.85 | N28: 26.19 | O28: 600.5 | Q28: =N29/N28-1 -> -0.0034364261 | R28: =E29/E28-1 -> -0.0088105727 | S28: =G29/G28-1 -> 0.033230769 | T28: =I29/I28-1 -> 0.0018479734 | U28: =J29/J28-1 -> 0.01050105 | V28: =B29/B28-1 -> 0.014368744 | W28: =F29/F28-1 -> -0.032497274 | X28: =M29/M28-1 -> 0.016676142 | Y28: =D29/D28-1 -> 0.0089753179 | Z28: =L29/L28-1 -> -0.010353365 | AA28: =H29/H28-1 -> -0.006625 | AB28: =O29/O28-1 -> 0.014654455 | AC28: =C29/C28-1 -> -0.0049627792 | AE28: {=SUMPRODUCT(Q28:AB28,TRANSPOSE(Insights.!$H$4:$H$15))} -> 0.0031220255 | AG28: 45694 | AH28: 110.91 | AI28: =AH29/AH28-1 -> -0.00067622397 | AJ28: 108.125 | AK28: =AJ29/AJ28-1 -> -0.0018959538 | AL28: 53.82 | AM28: =AL29/AL28-1 -> -0.0039018952 | AO28: =AO27*(1+AE27) -> 106.00451 | AP28: =AP27*(1+AI27) -> 102.84681 | AQ28: =AQ27*(1+AK27) -> 102.68281 | AR28: =AR27*(1+AM27) -> 109.73596 | AT28: =MAX($AO$3:AO29) -> 106.33546 | AU28: =AO28/AT28-1 -> -0.0031123088
A29: 45695 | B29: 125.66 | C29: 200.5 | D29: 337.25 | E29: 315 | F29: 221.8 | G29: 167.9 | H29: 397.35 | I29: 162.64 | J29: 505.2 | K29: 37.2 | L29: 219.85 | M29: 268.25 | N29: 26.1 | O29: 609.3 | Q29: =N30/N29-1 -> 0.014559387 | R29: =E30/E29-1 -> 0.014285714 | S29: =G30/G29-1 -> -0.022334723 | T29: =I30/I29-1 -> -0.00086079685 | U29: =J30/J29-1 -> -0.0037608868 | V29: =B30/B29-1 -> 0.031831927 | W29: =F30/F29-1 -> 0.02276826 | X29: =M30/M29-1 -> -0.017520969 | Y29: =D30/D29-1 -> 0.0065233506 | Z29: =L30/L29-1 -> 0.033431885 | AA29: =H30/H29-1 -> 0.0057883478 | AB29: =O30/O29-1 -> 0.0064007878 | AC29: =C30/C29-1 -> 0.0024937656 | AE29: {=SUMPRODUCT(Q29:AB29,TRANSPOSE(Insights.!$H$4:$H$15))} -> 0.005952232 | AG29: 45695 | AH29: 110.835 | AI29: =AH30/AH29-1 -> 0.006090134 | AJ29: 107.92 | AK29: =AJ30/AJ29-1 -> 0.0055133432 | AL29: 53.61 | AM29: =AL30/AL29-1 -> 0.0069016974 | AO29: =AO28*(1+AE28) -> 106.33546 | AP29: =AP28*(1+AI28) -> 102.77726 | AQ29: =AQ28*(1+AK28) -> 102.48813 | AR29: =AR28*(1+AM28) -> 109.30778 | AT29: =MAX($AO$3:AO30) -> 106.96839 | AU29: =AO29/AT29-1 -> -0.0059170125
A30: 45698 | B30: 129.66 | C30: 201 | D30: 339.45 | E30: 319.5 | F30: 226.85 | G30: 164.15 | H30: 399.65 | I30: 162.5 | J30: 503.3 | K30: 40.6 | L30: 227.2 | M30: 263.55 | N30: 26.48 | O30: 613.2 | Q30: =N31/N30-1 -> 0.0056646526 | R30: =E31/E30-1 -> -0.023161189 | S30: =G31/G30-1 -> -0.018580567 | T30: =I31/I30-1 -> -0.0012307692 | U30: =J31/J30-1 -> 0.03834691 | V30: =B31/B30-1 -> -0.011568718 | W30: =F31/F30-1 -> -0.012342958 | X30: =M31/M30-1 -> 0.0051223677 | Y30: =D31/D30-1 -> -0.0044189129 | Z30: =L31/L30-1 -> -0.0072623239 | AA30: =H31/H30-1 -> -0.0056299262 | AB30: =O31/O30-1 -> -0.015655577 | AC30: =C31/C30-1 -> 0.0074626866 | AE30: {=SUMPRODUCT(Q30:AB30,TRANSPOSE(Insights.!$H$4:$H$15))} -> -0.0031209345 | AG30: 45698 | AH30: 111.51 | AI30: =AH31/AH30-1 -> -0.0030042149 | AJ30: 108.515 | AK30: =AJ31/AJ30-1 -> -0.0022116758 | AL30: 53.98 | AM30: =AL31/AL30-1 -> 0.0079659133 | AO30: =AO29*(1+AE29) -> 106.96839 | AP30: =AP29*(1+AI29) -> 103.40319 | AQ30: =AQ29*(1+AK29) -> 103.05318 | AR30: =AR29*(1+AM29) -> 110.06219 | AT30: =MAX($AO$3:AO31) -> 106.96839 | AU30: =AO30/AT30-1 -> 0
A31: 45699 | B31: 128.16 | C31: 202.5 | D31: 337.95 | E31: 312.1 | F31: 224.05 | G31: 161.1 | H31: 397.4 | I31: 162.3 | J31: 522.6 | K31: 40.8 | L31: 225.55 | M31: 264.9 | N31: 26.63 | O31: 603.6 | Q31: =N32/N31-1 -> -0.004506196 | R31: =E32/E31-1 -> 0.0027234861 | S31: =G32/G31-1 -> 0.0062073246 | T31: =I32/I31-1 -> 0.0044362292 | U31: =J32/J31-1 -> -0.016456181 | V31: =B32/B31-1 -> -0.014513109 | W31: =F32/F31-1 -> -0.014728855 | X31: =M32/M31-1 -> 0.00037750094 | Y31: =D32/D31-1 -> -0.0044385264 | Z31: =L32/L31-1 -> -0.00088672135 | AA31: =H32/H31-1 -> -0.010820332 | AB31: =O32/O31-1 -> 0.027667329 | AC31: =C32/C31-1 -> -0.022222222 | AE31: {=SUMPRODUCT(Q31:AB31,TRANSPOSE(Insights.!$H$4:$H$15))} -> -0.0015932044 | AG31: 45699 | AH31: 111.175 | AI31: =AH32/AH31-1 -> -0.0069709917 | AJ31: 108.275 | AK31: =AJ32/AJ31-1 -> -0.0066035558 | AL31: 54.41 | AM31: =AL32/AL31-1 -> 0.0055136923 | AO31: =AO30*(1+AE30) -> 106.63455 | AP31: =AP30*(1+AI30) -> 103.09254 | AQ31: =AQ30*(1+AK30) -> 102.82526 | AR31: =AR30*(1+AM30) -> 110.93893 | AT31: =MAX($AO$3:AO32) -> 106.96839 | AU31: =AO31/AT31-1 -> -0.0031209345
A32: 45700 | B32: 126.3 | C32: 198 | D32: 336.45 | E32: 312.95 | F32: 220.75 | G32: 162.1 | H32: 393.1 | I32: 163.02 | J32: 514 | K32: 38 | L32: 225.35 | M32: 265 | N32: 26.51 | O32: 620.3 | Q32: =N33/N32-1 -> 0.01659751 | R32: =E33/E32-1 -> -0.0055919476 | S32: =G33/G32-1 -> -0.02745219 | T32: =I33/I32-1 -> 0.0038032143 | U32: =J33/J32-1 -> 0.0015564202 | V32: =B33/B32-1 -> 0.0202692 | W32: =F33/F32-1 -> -0.0058890147 | X32: =M33/M32-1 -> -0.0069811321 | Y32: =D33/D32-1 -> 0.008470798 | Z32: =L33/L32-1 -> -0.013978256 | AA32: =H33/H32-1 -> 0.00063597049 | AB32: =O33/O32-1 -> 0.00032242463 | AC32: =C33/C32-1 -> -0.025252525 | AE32: {=SUMPRODUCT(Q32:AB32,TRANSPOSE(Insights.!$H$4:$H$15))} -> -0.0015876321 | AG32: 45700 | AH32: 110.4 | AI32: =AH33/AH32-1 -> 0.0043478261 | AJ32: 107.56 | AK32: =AJ33/AJ32-1 -> 0.0052528821 | AL32: 54.71 | AM32: =AL33/AL32-1 -> 0.0071284957 | AO32: =AO31*(1+AE31) -> 106.46466 | AP32: =AP31*(1+AI31) -> 102.37389 | AQ32: =AQ31*(1+AK31) -> 102.14625 | AR32: =AR31*(1+AM31) -> 111.55062 | AT32: =MAX($AO$3:AO33) -> 106.96839 | AU32: =AO32/AT32-1 -> -0.0047091665
A33: 45701 | B33: 128.86 | C33: 193 | D33: 339.3 | E33: 311.2 | F33: 219.45 | G33: 157.65 | H33: 393.35 | I33: 163.64 | J33: 514.8 | K33: 40 | L33: 222.2 | M33: 263.15 | N33: 26.95 | O33: 620.5 | Q33: =N34/N33-1 -> -0.0022263451 | R33: =E34/E33-1 -> -0.0022493573 | S33: =G34/G33-1 -> 0.013003489 | T33: =I34/I33-1 -> -0.053532144 | U33: =J34/J33-1 -> 0.0050505051 | V33: =B34/B33-1 -> 0.026695639 | W33: =F34/F33-1 -> -0.0072909547 | X33: =M34/M33-1 -> 0.0043701311 | Y33: =D34/D33-1 -> -0.0079575597 | Z33: =L34/L33-1 -> 0.003150315 | AA33: =H34/H33-1 -> -0.0094063811 | AB33: =O34/O33-1 -> -0.032070911 | AC33: =C34/C33-1 -> 0.010362694 | AE33: {=SUMPRODUCT(Q33:AB33,TRANSPOSE(Insights.!$H$4:$H$15))} -> -0.0035685757 | AG33: 45701 | AH33: 110.88 | AI33: =AH34/AH33-1 -> -0.0039231602 | AJ33: 108.125 | AK33: =AJ34/AJ33-1 -> -0.0023121387 | AL33: 55.1 | AM33: =AL34/AL33-1 -> 0.0039927405 | AO33: =AO32*(1+AE32) -> 106.29563 | AP33: =AP32*(1+AI32) -> 102.81899 | AQ33: =AQ32*(1+AK32) -> 102.68281 | AR33: =AR32*(1+AM32) -> 112.3458 | AT33: =MAX($AO$3:AO34) -> 106.96839 | AU33: =AO33/AT33-1 -> -0.0062893222
A34: 45702 | B34: 132.3 | C34: 195 | D34: 336.6 | E34: 310.5 | F34: 217.85 | G34: 159.7 | H34: 389.65 | I34: 154.88 | J34: 517.4 | K34: 42.6 | L34: 222.9 | M34: 264.3 | N34: 26.89 | O34: 600.6 | Q34: =N35/N34-1 -> -0.022313128 | R34: =E35/E34-1 -> 0.013687601 | S34: =G35/G34-1 -> -0.0169067 | T34: =I35/I34-1 -> 0.014850207 | U34: =J35/J34-1 -> 0.0071511403 | V34: =B35/B34-1 -> 0.0074074074 | W34: =F35/F34-1 -> 0.0061969245 | X34: =M35/M34-1 -> 0.0087022323 | Y34: =D35/D34-1 -> 0.015597148 | Z34: =L35/L34-1 -> -0.0044863167 | AA34: =H35/H34-1 -> 0.0023097652 | AB34: =O35/O34-1 -> 0.01964702 | AC34: =C35/C34-1 -> 0.0061538462 | AE34: {=SUMPRODUCT(Q34:AB34,TRANSPOSE(Insights.!$H$4:$H$15))} -> 0.0043766384 | AG34: 45702 | AH34: 110.445 | AI34: =AH35/AH34-1 -> 0.0042555118 | AJ34: 107.875 | AK34: =AJ35/AJ34-1 -> 0.0049594438 | AL34: 55.32 | AM34: =AL35/AL34-1 -> 0.0054229935 | AO34: =AO33*(1+AE33) -> 105.91631 | AP34: =AP33*(1+AI33) -> 102.41562 | AQ34: =AQ33*(1+AK33) -> 102.44539 | AR34: =AR33*(1+AM33) -> 112.79437 | AT34: =MAX($AO$3:AO35) -> 106.96839 | AU34: =AO34/AT34-1 -> -0.009835454
A35: 45705 | B35: 133.28 | C35: 196.2 | D35: 341.85 | E35: 314.75 | F35: 219.2 | G35: 157 | H35: 390.55 | I35: 157.18 | J35: 521.1 | K35: 49.8 | L35: 221.9 | M35: 266.6 | N35: 26.29 | O35: 612.4 | Q35: =N36/N35-1 -> -0.023963484 | R35: =E36/E35-1 -> -0.0041302621 | S35: =G36/G35-1 -> 0.033757962 | T35: =I36/I35-1 -> 0.0063621326 | U35: =J36/J35-1 -> -0.0055651506 | V35: =B36/B35-1 -> -0.0027010804 | W35: =F36/F35-1 -> -0.017563869 | X35: =M36/M35-1 -> 0.0022505626 | Y35: =D36/D35-1 -> -0.0040953635 | Z35: =L36/L35-1 -> -0.020279405 | AA35: =H36/H35-1 -> 0.0021764179 | AB35: =O36/O35-1 -> -0.012736773 | AC35: =C36/C35-1 -> -0.011213048 | AE35: {=SUMPRODUCT(Q35:AB35,TRANSPOSE(Insights.!$H$4:$H$15))} -> -0.0038189148 | AG35: 45705 | AH35: 110.915 | AI35: =AH36/AH35-1 -> 0.0018482622 | AJ35: 108.41 | AK35: =AJ36/AJ35-1 -> 0.00036896965 | AL35: 55.62 | AM35: =AL36/AL35-1 -> 0.003236246 | AO35: =AO34*(1+AE34) -> 106.37986 | AP35: =AP34*(1+AI34) -> 102.85145 | AQ35: =AQ34*(1+AK34) -> 102.95347 | AR35: =AR34*(1+AM34) -> 113.40606 | AT35: =MAX($AO$3:AO36) -> 106.96839 | AU35: =AO35/AT35-1 -> -0.0055018619
A36: 45706 | B36: 132.92 | C36: 194 | D36: 340.45 | E36: 313.45 | F36: 215.35 | G36: 162.3 | H36: 391.4 | I36: 158.18 | J36: 518.2 | K36: 45.2 | L36: 217.4 | M36: 267.2 | N36: 25.66 | O36: 604.6 | Q36: =N37/N36-1 -> -0.020265004 | R36: =E37/E36-1 -> -0.01036848 | S36: =G37/G36-1 -> -0.0030807147 | T36: =I37/I36-1 -> 0.0082184853 | U36: =J37/J36-1 -> 0.0050173678 | V36: =B37/B36-1 -> 0.0082756545 | W36: =F37/F36-1 -> 0.0088228465 | X36: =M37/M36-1 -> 0.0048652695 | Y36: =D37/D36-1 -> 0.0032310178 | Z36: =L37/L36-1 -> 0.0071297148 | AA36: =H37/H36-1 -> 0.016734798 | AB36: =O37/O36-1 -> 0.013893483 | AC36: =C37/C36-1 -> -0.0051546392 | AE36: {=SUMPRODUCT(Q36:AB36,TRANSPOSE(Insights.!$H$4:$H$15))} -> 0.0026901933 | AG36: 45706 | AH36: 111.12 | AI36: =AH37/AH36-1 -> 0.00674946 | AJ36: 108.45 | AK36: =AJ37/AJ36-1 -> 0.0034117105 | AL36: 55.8 | AM36: =AL37/AL36-1 -> -0.014336918 | AO36: =AO35*(1+AE35) -> 105.97361 | AP36: =AP35*(1+AI35) -> 103.04154 | AQ36: =AQ35*(1+AK35) -> 102.99145 | AR36: =AR35*(1+AM35) -> 113.77307 | AT36: =MAX($AO$3:AO37) -> 106.96839 | AU36: =AO36/AT36-1 -> -0.0092997655
... A311: 46101 | B311: 150.5 | C311: 282.5 | D311: 260.55 | E311: 167.6 | F311: 177.64 | G311: 127.95 | H311: 330.7 | I311: 125 | J311: 365 | K311: 97.5 | L311: 274.35 | M311: 249.35 | N311: 8.4 | O311: 417.25 | Q311: =N312/N311-1 -> 0.040952381 | R311: =E312/E311-1 -> 0 | S311: =G312/G311-1 -> 0.025791325 | T311: =I312/I311-1 -> -0.00624 | U311: =J312/J311-1 -> 0.014520548 | V311: =B312/B311-1 -> 0.0046511628 | W311: =F312/F311-1 -> 0.022517451 | X311: =M312/M311-1 -> 0.0068177261 | Y311: =D312/D311-1 -> 0.0059489541 | Z311: =L312/L311-1 -> 0.011299435 | AA311: =H312/H311-1 -> -0.002419111 | AB311: =O312/O311-1 -> 0.012462552 | AC311: =C312/C311-1 -> 0.037168142 | AE311: {=SUMPRODUCT(Q311:AB311,TRANSPOSE(Insights.!$H$4:$H$15))} -> 0.010020146 | AG311: 46101 | AH311: 106.67 | AI311: =AH312/AH311-1 -> 0.009374707 | AJ311: 111.73 | AK311: =AJ312/AJ311-1 -> -0.016826278 | AL311: 54.99 | AM311: =AL312/AL311-1 -> 0.029823604 | AO311: =AO310*(1+AE310) -> 86.697344 | AP311: =AP310*(1+AI310) -> 98.915059 | AQ311: =AQ310*(1+AK310) -> 106.10636 | AR311: =AR310*(1+AM310) -> 112.12152 | AT311: =MAX($AO$3:AO312) -> 106.96839 | AU311: =AO311/AT311-1 -> -0.18950501
A312: 46104 | B312: 151.2 | C312: 293 | D312: 262.1 | E312: 167.6 | F312: 181.64 | G312: 131.25 | H312: 329.9 | I312: 124.22 | J312: 370.3 | K312: 99.5 | L312: 277.45 | M312: 251.05 | N312: 8.744 | O312: 422.45 | AG312: 46104 | AH312: 107.67 | AJ312: 109.85 | AK312: =AJ313/AJ312-1 -> -0.0098315885 | AL312: 56.63 | AO312: =AO311*(1+AE311) -> 87.566064 | AP312: =AP311*(1+AI311) -> 99.842359 | AQ312: =AQ311*(1+AK311) -> 104.32099 | AR312: =AR311*(1+AM311) -> 115.46539 | AT312: =MAX($AO$3:AO313) -> 106.96839 | AU312: =AO312/AT312-1 -> -0.18138373
A313: 46105 | B313: 152.54 | C313: 296.5 | D313: 262.7 | E313: 159 | F313: 179.28 | G313: 130.25 | H313: 322.95 | I313: 123.86 | J313: 353.8 | K313: 100 | L313: 274.45 | M313: 252.7 | O313: 425.55 | AG313: 46105 | AH313: 107.535 | AJ313: 108.77 | AK313: =AJ314/AJ313-1 -> 0.0038153903 | AL313: 56.21
AJ314: 109.185
AJ315: 109.225

Sheet Movements.
B2: Date. | C2: Stocks. | D2: Ticker. | E2: Buy/Sell. | F2: Commision. | G2: Price. | H2: Quantity. | I2: TotalAmount.
B3: 45968 | C3: #VALUE! | D3: {=_FV(MovementsTable.[[#This Row],[Stocks.]],"Simbolo dell'azione",TRUE)} -> IES | E3: Buy. | F3: 0 | G3: 5.588 | H3: 45 | I3: =MovementsTable.[[#This Row],[Price.]]*MovementsTable.[[#This Row],[Quantity.]] + MovementsTable.[[#This Row],[Commision.]] -> 251.46
B4: 46364 | C4: #VALUE! | D4: {=_FV(MovementsTable.[[#This Row],[Stocks.]],"Simbolo dell'azione",TRUE)} -> ENL | E4: Buy. | F4: 0 | G4: 8.749 | H4: 30 | I4: =MovementsTable.[[#This Row],[Price.]]*MovementsTable.[[#This Row],[Quantity.]] + MovementsTable.[[#This Row],[Commision.]] -> 262.47
B5: 45999 | C5: #VALUE! | D5: {=_FV(MovementsTable.[[#This Row],[Stocks.]],"Simbolo dell'azione",TRUE)} -> PFE | E5: Buy. | F5: 0 | G5: 22.37 | H5: 12 | I5: =MovementsTable.[[#This Row],[Price.]]*MovementsTable.[[#This Row],[Quantity.]] + MovementsTable.[[#This Row],[Commision.]] -> 268.44
B6: 45999 | C6: #VALUE! | D6: {=_FV(MovementsTable.[[#This Row],[Stocks.]],"Simbolo dell'azione",TRUE)} -> BNP | E6: Buy. | F6: 0 | G6: 75.5 | H6: 4 | I6: =MovementsTable.[[#This Row],[Price.]]*MovementsTable.[[#This Row],[Quantity.]] + MovementsTable.[[#This Row],[Commision.]] -> 302
B7: 46020 | C7: #VALUE! | D7: {=_FV(MovementsTable.[[#This Row],[Stocks.]],"Simbolo dell'azione",TRUE)} -> PRG | E7: Buy. | F7: 0 | G7: 122.96 | H7: 3 | I7: =MovementsTable.[[#This Row],[Price.]]*MovementsTable.[[#This Row],[Quantity.]] + MovementsTable.[[#This Row],[Commision.]] -> 368.88
B8: 46009 | C8: #VALUE! | D8: {=_FV(MovementsTable.[[#This Row],[Stocks.]],"Simbolo dell'azione",TRUE)} -> NVD | E8: Sell. | F8: 0 | G8: =749.2/5 -> 149.84 | H8: -5 | I8: =MovementsTable.[[#This Row],[Price.]]*MovementsTable.[[#This Row],[Quantity.]] + MovementsTable.[[#This Row],[Commision.]] -> -749.2
B9: 45986 | C9: #VALUE! | D9: {=_FV(MovementsTable.[[#This Row],[Stocks.]],"Simbolo dell'azione",TRUE)} -> NVD | E9: Buy. | F9: 0 | G9: 153.3 | H9: 3 | I9: =MovementsTable.[[#This Row],[Price.]]*MovementsTable.[[#This Row],[Quantity.]] + MovementsTable.[[#This Row],[Commision.]] -> 459.9
B10: 45965 | C10: #VALUE! | D10: {=_FV(MovementsTable.[[#This Row],[Stocks.]],"Simbolo dell'azione",TRUE)} -> NVD | E10: Buy. | F10: 0 | G10: 172.94 | H10: 2 | I10: =MovementsTable.[[#This Row],[Price.]]*MovementsTable.[[#This Row],[Quantity.]] + MovementsTable.[[#This Row],[Commision.]] -> 345.88
B11: 45961 | C11: #VALUE! | D11: {=_FV(MovementsTable.[[#This Row],[Stocks.]],"Simbolo dell'azione",TRUE)} -> NVD | E11: Buy. | F11: 0.99 | G11: 175.84 | H11: 4 | I11: =MovementsTable.[[#This Row],[Price.]]*MovementsTable.[[#This Row],[Quantity.]] + MovementsTable.[[#This Row],[Commision.]] -> 704.35
B12: 46006 | C12: #VALUE! | D12: {=_FV(MovementsTable.[[#This Row],[Stocks.]],"Simbolo dell'azione",TRUE)} -> AMZ | E12: Buy. | F12: 0 | G12: 193.94 | H12: 2 | I12: =MovementsTable.[[#This Row],[Price.]]*MovementsTable.[[#This Row],[Quantity.]] + MovementsTable.[[#This Row],[Commision.]] -> 387.88
B13: 46002 | C13: #VALUE! | D13: {=_FV(MovementsTable.[[#This Row],[Stocks.]],"Simbolo dell'azione",TRUE)} -> CMC | E13: Buy. | F13: 0 | G13: 264.7 | H13: 1 | I13: =MovementsTable.[[#This Row],[Price.]]*MovementsTable.[[#This Row],[Quantity.]] + MovementsTable.[[#This Row],[Commision.]] -> 264.7
B14: 45999 | C14: #VALUE! | D14: {=_FV(MovementsTable.[[#This Row],[Stocks.]],"Simbolo dell'azione",TRUE)} -> 3V64 | E14: Buy. | F14: 0 | G14: 285.6 | H14: 2 | I14: =MovementsTable.[[#This Row],[Price.]]*MovementsTable.[[#This Row],[Quantity.]] + MovementsTable.[[#This Row],[Commision.]] -> 571.2
B15: 46020 | C15: #VALUE! | D15: {=_FV(MovementsTable.[[#This Row],[Stocks.]],"Simbolo dell'azione",TRUE)} -> 1YD | E15: Buy. | F15: 0 | G15: 296.95 | H15: 1 | I15: =MovementsTable.[[#This Row],[Price.]]*MovementsTable.[[#This Row],[Quantity.]] + MovementsTable.[[#This Row],[Commision.]] -> 296.95
B16: 46024 | C16: #VALUE! | D16: {=_FV(MovementsTable.[[#This Row],[Stocks.]],"Simbolo dell'azione",TRUE)} -> MSF | E16: Buy. | F16: 0 | G16: 414.65 | H16: 1 | I16: =MovementsTable.[[#This Row],[Price.]]*MovementsTable.[[#This Row],[Quantity.]] + MovementsTable.[[#This Row],[Commision.]] -> 414.65
B17: 46020 | C17: #VALUE! | D17: {=_FV(MovementsTable.[[#This Row],[Stocks.]],"Simbolo dell'azione",TRUE)} -> TSFA | E17: Buy. | F17: 0 | G17: 255 | H17: 1 | I17: =MovementsTable.[[#This Row],[Price.]]*MovementsTable.[[#This Row],[Quantity.]] + MovementsTable.[[#This Row],[Commision.]] -> 255
B18: 46000 | C18: #VALUE! | D18: {=_FV(MovementsTable.[[#This Row],[Stocks.]],"Simbolo dell'azione",TRUE)} -> TSFA | E18: Buy. | F18: 0 | G18: 258 | H18: 1 | I18: =MovementsTable.[[#This Row],[Price.]]*MovementsTable.[[#This Row],[Quantity.]] + MovementsTable.[[#This Row],[Commision.]] -> 258
B19: 45968 | C19: #VALUE! | D19: {=_FV(MovementsTable.[[#This Row],[Stocks.]],"Simbolo dell'azione",TRUE)} -> YDX | E19: Buy. | F19: 0 | G19: 92 | H19: 4 | I19: =MovementsTable.[[#This Row],[Price.]]*MovementsTable.[[#This Row],[Quantity.]] + MovementsTable.[[#This Row],[Commision.]] -> 368
B20: 45690 | C20: #VALUE! | D20: {=_FV(MovementsTable.[[#This Row],[Stocks.]],"Simbolo dell'azione",TRUE)} -> ENL | E20: Sell. | F20: 0 | G20: 9.2 | H20: -30 | I20: =MovementsTable.[[#This Row],[Price.]]*MovementsTable.[[#This Row],[Quantity.]] + MovementsTable.[[#This Row],[Commision.]] -> -276
... B28: 46098 | C28: #VALUE! | D28: {=_FV(MovementsTable.[[#This Row],[Stocks.]],"Simbolo dell'azione",TRUE)} -> AMP | E28: Buy. | F28: 0.99 | G28: 8.2 | H28: 15 | I28: =MovementsTable.[[#This Row],[Price.]]*MovementsTable.[[#This Row],[Quantity.]] + MovementsTable.[[#This Row],[Commision.]] -> 123.99

Sheet Insights.
G1: PortfolioValue. | H1: DailyDelta%
G2: =SUM(_xlfn.ANCHORARRAY(G4)) -> 5521.5 | H2: =SUM(O4:O16) -> 0.0063802361
B3: Stocks. | C3: Ticker. | D3: Industry. | E3: Quantity. | F3: CurrentPrice. | G3: MarketValue. | H3: %Breakdown. | I3: DayChange. | J3: G/L. | K3: 52WeekLow. | L3: 52WeekHigh. | M3: P/E. | N3: Beta. | O3: DWR. | Q3: Tasso Risk-Free.
B4: {=_xlfn.UNIQUE(_xlfn._xlws.FILTER(MovementsTable.[Stocks.], SUMIFS(MovementsTable.[Quantity.],MovementsTable.[Stocks.],MovementsTable.[Stocks.])>0))} -> #VALUE! | C4: {=_FV(B4,"Simbolo dell'azione",TRUE)} -> PRG | D4: {=_FV(_xlfn.ANCHORARRAY(B4),"Settore")} -> Personal & Household Products & Services | E4: {=SUMIFS(MovementsTable.[Quantity.], MovementsTable.[Stocks.],_xlfn.ANCHORARRAY( Insights.!B4))} -> 3 | F4: {=_FV(_xlfn.ANCHORARRAY(B4),"Prezzo")} -> 123.92 | G4: {=_xlfn.ANCHORARRAY(E4)*_xlfn.ANCHORARRAY(F4)} -> 371.76 | H4: {=(_xlfn.ANCHORARRAY(G4)/SUM(_xlfn.ANCHORARRAY(G4)))} -> 0.06732953 | I4: {=_FV(_xlfn.ANCHORARRAY(B4),"Variazione (%)",TRUE)} -> -0.004819 | J4: {=_xlfn.ANCHORARRAY(G4) - SUMIFS(MovementsTable.[TotalAmount.], MovementsTable.[Stocks.],_xlfn.ANCHORARRAY( Insights.!B4))} -> 2.88 | K4: {=IFERROR(_FV(_xlfn.ANCHORARRAY(B4),"Minimo di 52 settimane",TRUE), "N/A.")} -> 118.22 | L4: {=IFERROR(_FV(_xlfn.ANCHORARRAY(B4),"Massimo in 52 settimane",TRUE), "N/A.")} -> 158.48 | M4: {=_FV(_xlfn.ANCHORARRAY(B4),"P/U",TRUE)} -> 21.5656 | N4: {=_FV(_xlfn.ANCHORARRAY(B4),"Beta")} -> 0.4038 | O4: =(H4*I4) -> -0.00032446101 | Q4: 0.03
B5: #VALUE! | C5: {=_FV(B5,"Simbolo dell'azione",TRUE)} -> NVD | D5: Semiconductors & Semiconductor Equipment | E5: 4 | F5: 154.92 | G5: 619.68 | H5: 0.11223037 | I5: 0.025824 | J5: -141.25 | K5: 75.4 | L5: 182.3 | M5: 37.3761 | N5: 2.3397 | O5: =(H5*I5) -> 0.0028982371
B6: #VALUE! | C6: {=_FV(B6,"Simbolo dell'azione",TRUE)} -> AMZ | D6: Diversified Retail | E6: 2 | F6: 183.46 | G6: 366.92 | H6: 0.066452957 | I6: 0.023201 | J6: -20.96 | K6: 142.6 | L6: 225.15 | M6: 30.0429 | N6: 1.3909 | O6: =(H6*I6) -> 0.001541775 | R6: NVD | S6: 3V64 | T6: AMZ | U6: MSF | V6: PRG | W6: MHL | X6: 1YD | Y6: CMC | Z6: FOO | AA6: AMP | AB6: 0V6 | AC6: 639 | AD6: TSFA
B7: #VALUE! | C7: {=_FV(B7,"Simbolo dell'azione",TRUE)} -> CMC | D7: Banking Services | E7: 1 | F7: 255.15 | G7: 255.15 | H7: 0.046210269 | I7: 0.009695 | J7: -9.55 | K7: 73.68 | L7: 287.7 | M7: 14.9736 | N7: 1.0488 | O7: =(H7*I7) -> 0.00044800856 | Q7: ExpectedReturns. | R7: =AVERAGE(DataBase.!V3:V300)*252 -> 0.22391549 | S7: =AVERAGE(DataBase.!W3:Y300)*252 -> -0.019890059 | T7: =AVERAGE(DataBase.!W3:W300)*252 -> -0.069557388 | U7: =AVERAGE(DataBase.!AA3:AA300)*252 -> -0.082797304 | V7: =AVERAGE(DataBase.!T3:T300)*252 -> -0.15248519 | W7: =AVERAGE(DataBase.!U3:U300)*252 -> -0.14158347 | X7: =AVERAGE(DataBase.!Z3:Z300)*252 -> 0.31788298 | Y7: =AVERAGE(DataBase.!X3:X300)*252 -> 0.084686758 | Z7: =AVERAGE(DataBase.!R3:R300)*252 -> -0.45730171 | AA7: =AVERAGE(DataBase.!Q3:Q300)*252 -> -0.63944835 | AB7: =AVERAGE(DataBase.!S3:S300)*252 -> 0.23384044 | AC7: =AVERAGE(DataBase.!AB3:AB300)*252 -> 0.16201682 | AD7: =AVERAGE(DataBase.!AC3:AC300)*252 -> 0.4275336
B8: #VALUE! | C8: {=_FV(B8,"Simbolo dell'azione",TRUE)} -> 3V64 | D8: Professional & Commercial Services | E8: 2 | F8: 264 | G8: 528 | H8: 0.095626189 | I8: 0.004566 | J8: -43.2 | K8: 250 | L8: 328.05 | M8: 29.0954 | N8: 0.7977 | O8: =(H8*I8) -> 0.00043662918 | Q8: Volatility. | R8: =STDEVP(DataBase.!V3:V300)*SQRT(252) -> 0.48505941 | S8: =STDEVP(DataBase.!Y3:Y300)*SQRT(252) -> 0.23939557 | T8: =STDEVP(DataBase.!W3:W300)*SQRT(252) -> 0.35878648 | U8: =STDEVP(DataBase.!AA3:AA300)*SQRT(252) -> 0.28754086 | V8: =STDEVP(DataBase.!T3:T300)*SQRT(252) -> 0.2013409 | W8: =STDEVP(DataBase.!U3:U300)*SQRT(252) -> 0.2952469 | X8: =STDEVP(DataBase.!Z3:Z300)*SQRT(252) -> 0.48255248 | Y8: =STDEVP(DataBase.!X3:X254)*SQRT(252) -> 0.26708815 | Z8: =STDEVP(DataBase.!R3:R300)*SQRT(252) -> 0.36487161 | AA8: =STDEVP(DataBase.!Q3:Q300)*SQRT(252) -> 0.42034221 | AB8: =STDEVP(DataBase.!S3:S300)*SQRT(252) -> 0.68349057 | AC8: =STDEVP(DataBase.!AB3:AB300)*SQRT(252) -> 0.46041421 | AD8: =STDEVP(DataBase.!AC3:AC300)*SQRT(252) -> 0.42344528
B9: #VALUE! | C9: {=_FV(B9,"Simbolo dell'azione",TRUE)} -> 1YD | D9: Semiconductors & Semiconductor Equipment | E9: 1 | F9: 276.4 | G9: 276.4 | H9: 0.050058861 | I9: 0.007105 | J9: -20.55 | K9: 120.02 | L9: 350.5 | M9: 66.8343 | N9: 1.242 | O9: =(H9*I9) -> 0.00035566821 | Q9: SharpeRatio. | R9: =(R7-$Q$4)/R8 -> 0.39977678 | S9: =(S7-$Q$4)/S8 -> -0.20840009 | T9: =(T7-$Q$4)/T8 -> -0.27748367 | U9: =(U7-$Q$4)/U8 -> -0.39228269 | V9: =(V7-$Q$4)/V8 -> -0.90634935 | W9: =(W7-$Q$4)/W8 -> -0.58115249 | X9: =(X7-$Q$4)/X8 -> 0.59658378 | Y9: =(Y7-$Q$4)/Y8 -> 0.20475172 | ... AD9: =(AD7-$Q$4)/AD8 -> 0.93880749
B10: #VALUE! | C10: {=_FV(B10,"Simbolo dell'azione",TRUE)} -> MSF | D10: Software & IT Services | E10: 1 | F10: 321.05 | G10: 321.05 | H10: 0.058145431 | I10: -0.003569 | J10: -93.6 | K10: 301.1 | L10: 491.85 | M10: 23.5929 | N10: 1.1066 | O10: =(H10*I10) -> -0.00020752105
B11: #VALUE! | C11: {=_FV(B11,"Simbolo dell'azione",TRUE)} -> TSFA | D11: Semiconductors & Semiconductor Equipment | E11: 2 | F11: 299 | G11: 598 | H11: 0.1083039 | I11: 0.008432 | J11: 85 | K11: 29.82 | L11: 333 | M11: 33.2222 | N11: 1.3467 | O11: =(H11*I11) -> 0.00091321851 | R11: AMP | S11: FOO | T11: 0V6 | U11: PRG | V11: MHL | W11: NVD | X11: AMZ | Y11: CMC | Z11: 3V64 | AA11: 1YD | AB11: MSF | AC11: 639 | AD11: TSFA
B12: #VALUE! | C12: {=_FV(B12,"Simbolo dell'azione",TRUE)} -> YDX | D12: Professional & Commercial Services | E12: 4 | F12: 102 | G12: 408 | H12: 0.073892964 | I12: 0.02 | J12: 40 | K12: N/A. | L12: N/A. | M12: 728.5714 | N12: -13.254 | O12: =(H12*I12) -> 0.0014778593 | Q12: AMP | R12: 1
B13: #VALUE! | C13: {=_FV(B13,"Simbolo dell'azione",TRUE)} -> FOO | D13: Software & IT Services | E13: 3 | F13: 156.74 | G13: 470.22 | H13: 0.085161641 | I13: -0.017427 | J13: -61.98 | K13: 148.18 | L13: 268.6 | M13: 23.7827 | N13: 1.3015 | O13: =(H13*I13) -> -0.0014841119 | Q13: FOO | R13: -0.015176274 | S13: 1
B14: #VALUE! | C14: {=_FV(B14,"Simbolo dell'azione",TRUE)} -> 0V6 | D14: Electrical Utilities & IPPs | E14: 3 | F14: 133.45 | G14: 400.35 | H14: 0.072507471 | I14: 0.016762 | J14: 3.3 | K14: 11 | L14: 192.15 | M14: 71.7473 | N14: 1.4912 | O14: =(H14*I14) -> 0.0012153702 | Q14: 0V6 | R14: 0.0036784152 | S14: 0.12968345 | T14: 1
B15: #VALUE! | C15: {=_FV(B15,"Simbolo dell'azione",TRUE)} -> 639 | D15: Software & IT Services | E15: 1 | F15: 417.25 | G15: 417.25 | H15: 0.075568233 | I15: -0.004889 | J15: 28.8 | K15: 67.13 | L15: 670.9 | M15: 39.9665 | N15: 1.7066 | O15: =(H15*I15) -> -0.00036945309 | Q15: PRG | R15: 0.041098994 | S15: -0.015933017 | T15: -0.14774308 | U15: 1
B16: #VALUE! | C16: {=_FV(B16,"Simbolo dell'azione",TRUE)} -> MHL | D16: Professional & Commercial Services | E16: 1 | F16: 355.4 | G16: 355.4 | H16: 0.064366567 | I16: -0.008094 | J16: -19.17 | K16: 304.05 | L16: 492 | M16: 28.4725 | N16: 1.2233 | O16: =(H16*I16) -> -0.00052098299 | Q16: MHL | R16: 0.0062988734 | S16: 0.25857379 | T16: 0.085530311 | U16: 0.090036698 | V16: 1
B17: #VALUE! | C17: AMP | D17: Healthcare Equipment & Supplies | E17: 15 | F17: 8.888 | G17: 133.32 | H17: 0.024145613 | I17: 0.016468 | J17: 9.33 | K17: 7.84 | L17: 21.4 | M17: 17.2784 | N17: 0.8599 | O17: =(H17*I17) -> 0.00039762995 | Q17: NVD | R17: -0.0082828409 | S17: 0.29952537 | T17: 0.56591002 | U17: -0.11828051 | V17: 0.0023408592 | W17: 1
Q18: AMZ | R18: -0.021433291 | S18: 0.48315352 | T18: 0.31894205 | U18: 0.048597924 | V18: 0.16872608 | W18: 0.55185279 | X18: 1
Q19: CMC | R19: -0.011909878 | S19: 0.4071962 | T19: 0.3523747 | U19: 0.12921718 | V19: 0.24340701 | W19: 0.42701005 | X19: 0.5008863 | Y19: 1
Q20: 3V64 | R20: 0.0075102002 | S20: 0.38360857 | T20: 0.18938855 | U20: 0.32150197 | V20: 0.26762858 | W20: 0.26431462 | X20: 0.43754344 | Y20: 0.55279559 | Z20: 1
Q21: 1YD | R21: 0.018210457 | S21: 0.23722498 | T21: 0.55211819 | U21: -0.15970383 | V21: -0.014554026 | W21: 0.69145262 | X21: 0.47147168 | Y21: 0.36328303 | Z21: 0.19991174 | AA21: 1
Q22: MSF | R22: -0.024058326 | S22: 0.50207581 | T22: 0.25986187 | U22: -0.027307418 | V22: 0.12374236 | W22: 0.55772137 | X22: 0.57879837 | Y22: 0.46403288 | Z22: 0.33334637 | AA22: 0.43592352 | AB22: 1
Q23: 639 | R23: -0.087880269 | S23: 0.24837817 | T23: 0.1252643 | U23: -0.10651219 | V23: 0.28054656 | W23: 0.10643159 | X23: 0.14526673 | Y23: 0.14165059 | Z23: 0.15618613 | AA23: 0.097493872 | AB23: 0.1926711 | AC23: 1
Q24: TSFA | R24: 0.023758915 | S24: 0.23050711 | T24: 0.55221658 | U24: -0.086836217 | V24: 0.028342725 | W24: 0.71938623 | X24: 0.5241354 | Y24: 0.37748846 | Z24: 0.2350767 | AA24: 0.68325536 | AB24: 0.42921688 | AC24: 0.16785484 | AD24: 1

Sheet DashBoard.
